{
  "colsample_bytree": 0.8363333042276043,
  "learning_rate": 0.012745022494514448,
  "max_depth": 6,
  "min_child_samples": 51,
  "min_split_gain": 0.4113002803298291,
  "n_estimators": 253,
  "num_leaves": 74,
  "reg_alpha": 0.09799537253881226,
  "reg_lambda": 0.4967214022725532,
  "subsample": 0.7086171663278967
}